"Y","A","V1","V2","V3","V4","V5","V6","V7","V8","V9","V10","V11","V12","V13","V14","V15","V16","V17","V18","V19","V20","V21","V22"
30.4869989984921,0,0,0,0,0,0,0,0,0,0,0,0,0,0,0,0,0,0,0,0,0,9.09,1.14962220957585
18.2084169681603,0,0,0,0,0,0,0,0,1.4,0,0,0,0,0.7,0,1.4,0,1.4,0,0,0,0,2.88770152934029
13.4850395114841,0,0,0,0,0,0,0,0,0,0,0,0,0,0,0,3.57,0,0,0,0,0,0,0
25.699678261221,1,2.38,0,0,0,0,0,0,0,0,0,0,0,0,0,2.38,0,2.38,0,0,0,0,0.405465108108164
23.7529676051266,0,0.15,0.15,0.05,0.1,0,0.42,0.1,0.95,0.42,0.05,0.05,0,0,0.36,3.16,0,1.58,0,0.52,0.31,0,1.5746394068914
13.6310792303996,0,0.16,0,0,0,0,0.16,0,0.16,0.16,0,0,0,0.16,0,2.88,0,0.5,0,0,0,0,0.379805361327587
12.4467337948184,0,0.65,0,0,0,0,0,0,0.52,0,0,0,0.13,0.13,0,1.18,0,0,0,0,0,0.52,1.0564004398588
11.229866216296,0,0,0,0,0,0,0,0,0,0,0,0,0,0,0,2.08,0,0,0,0,0,0,0.356274863917393
20.506765118055,0,0,0,0,0,0,0,0,0,0,0,0,0,0,0,5.26,0,0,0,0,0,0,0.22314355131421
45.1791242312412,1,0.78,0,1.56,0,0,0,0,1.56,0,0,0,0,0,0.78,7.03,0,2.34,0,0,0,0,0.298622012490115
33.4118161427997,1,0,0,0,0,0,0,0,0,0,0,0,0,0,1.6,3.2,0,2.4,0,0,0,1.6,0.725130226412996
8.21534349625892,0,0,0,0,0,0,0,0,0,0,0,0,0.7,0,0,0,0,0,0,0,0,0.7,0.287432041196572
13.1789126930689,0,0,0.1,0,0.51,0,0.1,0,1.33,0.1,0.2,0,0,0.82,0,0,0,0,0,0,0,2.97,0.799307376388336
28.1550877511748,1,0,0,0,0,0,0,0,0,0,0,0,0,0,0,4.22,0,1.4,0,0,0,1.4,0.975691075155603
39.3037388211479,1,0.2,0.2,0,0,0,0.41,0,1.25,0,0,0,0.62,1.25,0,4.6,0,2.3,1.67,0.62,0.2,0,1.63549544675339
2.21323022344255,0,0,0,0,0,0,0,0,5,0,0,0,0,0,0,0,0,0,0,0,0,0,0
2.70052777741769,0,0,0,0,0,0,0,0,0,0,0,0,0,0,0,0,0,0,0,0,0,0,0
12.7647781978634,0,0,0,0,0,0,1.36,0,0,0,0,1.36,0,0,0,0,0,0,0,0,0,1.36,1.26214736837701
13.3700940698909,0,0,0,0,0,0,0.78,0,0,0,0,0,0,0,0,1.56,0,0,0,0,0,0.78,0.905027539595444
9.85411224028097,0,0.22,0.22,0,0,0,0,0,0,0.22,0,0,0,0,0,2.02,0,0.22,0,0,0,0,0.243730184922598
2.87455322218268,0,0,0,0,0,0,0,0,0,0,0,0,0,0,0,0,0,0,0,0,0,0,0.587786664902119
24.1644656112722,1,0,0,0,0,0,0,0,0.84,0,0,0,0,0,0,5.04,0,0.84,0,0,0,0,0.314810739840034
10.0481217844811,0,0.05,0.05,0,0,0.52,0,0,0.15,0,0,0.05,0,0,0.05,0.31,0,0.15,0,0,0,0.78,1.00246842811521
32.129337647361,1,0.63,0.17,0,0,0.75,0.23,0.34,1.27,0.34,0,0,0.58,0.05,0.17,3.01,2.61,1.5,0,0.17,0.34,0,1.44101926080914
13.9305669371211,1,2.04,0,0,0,0,0,0,0,0,0,0,0,0,0,2.04,0,0,0,0,0,0,0.0953101798043249
22.9314677202858,0,0,0,0,0,0,0,0,0,0,0,0,0,0,0,4,0,2,0,0,0,0,0
11.6936214246342,0,0,0,0,0,0,1.05,0,0,0,0,0,0,0,0,0,0,0,0,0,0,1.05,1.27284566861231
16.0754958112134,1,0.17,0,0,0.08,0.08,0,0,0.43,0.08,0,0,0,0,0,0,0,0,0,0.08,0,3.54,0.896088024556636
19.53896521435,0,0,0,0,0,0,0.29,0,0,0,0,0,0,0,0,0.58,0,0.58,0,0,0,3.51,1.26751082512992
5.05001312768658,1,0,0,0,0,0,0,0,0,0,0,0,0,0,0,0,0,0,0,0,0,0,0.847154993039293
19.9580051534782,0,0,0,0,0,0,0.85,0,0,0,0,1.7,0,0,0,2.56,0,1.7,0,0,0,0,0.0392207131532813
10.3865489806771,0,0.28,0,0,0,0,0,0,0.85,0,0,0,0,0,0,0.28,0,0,0,0,0,1.7,0.671923544108319
10.9343595406721,0,0,0.53,0,0,0,0.53,0,0,0.53,0,0,0,0,0,2.15,0,0.53,0,0,0,0,0.618962282370569
2.66962755536448,0,0,0,0,5.88,0,0,0,0,0,0,0,0,0,0,0,0,0,0,0,0,0,0
9.74901038856882,0,0,0,0,0,0,1.63,0,0,0,0,0,0,0,0,0,0,0,0,0,0,0,1.43270073393405
5.32817640659724,0,0,0,0,0,0,0,0,0,0,0,0,0,0,0,0,0,0,0,0,0,0,1.2038727993256
15.8297818704143,0,0.78,0.39,0,0,0,0,0,0.39,0,0,0,0,0,0,0.39,0,0.39,0,0,0,3.14,1.06298511102496
18.4268787310374,0,0,1.02,0,0.2,0.4,0.61,0,2.25,0,0,0,0,0.61,0,2.86,0,1.02,0,0,0.2,0,0.693147180559945
3.91148552718944,1,0,0,0,0,0,0,0,0,0,0,0,0,0,0,0,0,0,0,0,0,0,0
3.798530047384,0,0,0,0,0,0,0,0,0,0,0,0,0,0,0,0,0,0,0,0,0,0,0
25.8709946611203,0,0.4,0.4,0.4,0.4,0,0,0.4,0,0,0,0,0.4,0,0,3.6,0,2,0,0,0.4,0,0.662687973075237
14.6011666277816,0,0,0,0,0,0,0,0,0.54,0,0.54,0,0,0,0,0,0,0.54,0,0,0,2.71,1.41439579123077
36.3677989153814,0,0,1.27,1.27,0.63,0,0,0,0.63,0,0,0,0,0.63,0,4.45,3.18,3.82,0,0,0,0,1.24932850604673
15.6056250536647,0,0,0,0,0,0,0,0,1.4,0,0,0,0,0.7,0,1.4,0,1.4,0,0,0,0,2.89037175789616
18.173804014009,0,0,0,0,0,0,0,0,0,0,0,0,0,0,0,4.76,0,0,0,0,0,0,0.470003629245736
45.2033958753677,1,0,0,0,0,0,1.19,0,0,0,0,0,1.19,0,0,3.57,0,3.57,0,0,0,1.19,2.15593951265256
16.2444117291326,0,0,0,0,0,0,0.48,0,0.24,0,0,0,0,0.48,0.24,0.72,0.48,0.72,0,0,0,1.69,1.16377561457452
12.1715365477842,1,0,0.44,0,0,0,0,0,0,0,0,0,0.44,0,0.44,0.44,0,0.44,0,0,0,0,2.13747457293045
6.13580663885108,0,0.08,0.02,0,0.08,0,0.06,0.02,0.5,0.06,0,0.02,0.02,0.14,0.12,0.25,0,0.19,0,0.04,0,0,0.887891257352457
26.506153740465,0,1.57,0.36,0.06,0.06,0.06,0.12,0.06,0.54,0.3,0.06,0,0,0.72,0.06,4.48,0.24,1.15,0,0.84,0.06,0,0.549854010733469
11.1271443995786,0,0.64,0,0,0,1.28,0,0,0.64,0,0,0,0,0,0,0,0,1.28,0,0,0,0,0.854415328156068
7.90319875222502,0,0,0,0,0,0,0,0,0,0,0,0,1.02,0,0,0,0,0,0,0,0,0,0.772882148578799
30.7219967515367,0,0,0,0,0,0,0,0,0,0,0,0,0,0,0,1.49,0,0,0,0,0,7.46,0.673454547214209
27.4196091140346,0,0.25,0.18,0.03,1.01,0.4,0.4,0.1,0.72,0.65,0.36,0.25,0.54,0.36,0.36,3.05,0.14,1.41,0,0.29,0.76,0,1.19543647330365
35.4339812227327,1,0.14,0.03,0.03,0.14,0.56,0.67,0.29,0.67,0.59,1.23,0.03,0.22,0.44,0.07,3.43,0,1.53,0,0.59,0.63,0,1.98787434815435
8.45459888877103,0,1.88,0,0,1.88,0,0,0,0,0,0,0,0,0,0,0,0,0,0,0,0,0,0.896088024556636
18.0106543354411,1,0,0,0,0,0,0,0,0,0.62,0,0,0.62,0,0,1.88,0,0.62,0,0,0,1.25,0.53766227771955
4.71178581944145,1,0,0,0,4.23,0,0,0,0,0,0,0,0,0.84,0,0,0,0,0,0,0,0,0.473123756581979
4.96417323468632,0,0,0,0,0,0,0,0,0,0,0,0,0,0,0,0,0,0,0,0,0,0,0.587786664902119
46.2678855548429,1,0,0,0,0,0,0,0,0,0,0,0,0,0,0,14,0,0,0,0,0,0,0.451712359273484
3.79922383947483,0,0,0,0,0,0,0,0,0,0,0,0,0,0,0,0,0,0,0,0,0,0,0
29.3826117846086,0,0.45,0.45,0,0.11,1.02,1.59,0.11,0.34,0.22,0.11,2.16,0,0.45,0.11,3.53,0,1.25,0,0.45,0.45,0,1.43864959145382
12.7523482272918,0,1.81,0,0,0,0,1.81,0,0,1.81,0,0,0,0,0,0,0,0,0,0,0,1.81,0.262364264467491
20.782949827489,1,0,0,0,0,0.91,0,0,0,0,0,0,0,0,0,0.91,0,2.75,0,0,0,0,1.06471073699243
26.1101171344381,0,0,0,1.21,0,0,1.21,0,1.21,1.21,0,0,1.21,0,0,4.87,0,0,0,0,0,0,0.516410002059891
1.55046129152354,0,0,0,0,0,0,0,0,0,0,0,0,0,0,0,0,0,0,0,0,0,0,0.105260510657493
5.35090664392495,0,0,0,0,0,0,0,0,0,0,0,0,0,0,0,0,0,0,0,0,0,0,1.84577405753429
28.0566091938622,0,0.12,0.2,0.16,0.2,0,0.32,0.08,0.98,0.41,0.04,0.04,0,0,0.41,3.74,0,1.64,0,0.45,0.53,0.04,1.72419414973229
17.3191244885794,0,0,0,0,0,0,0,0,0,0,0,0,0,0,0,4.16,0,0,0,0,0,0,0.976444654693902
4.85144753131178,0,0,0,0,0,0,0,0,0,0,0,0,0,0,0,0,0,0,0,0,0,0,0.318453731118535
14.317803285558,0,0,0,0,0.1,0,0,0.2,0.41,0.1,0,0,0.1,0.1,0,0.1,0,0,0,0.1,0,3.02,0.927823967687828
27.5438558074228,0,0.12,0,0,0.12,0.25,0.12,0.12,0.38,0.12,0,1.15,0,0.12,2.04,2.81,0.12,1.27,0,0,0.12,0,1.06125650212434
12.9726683571187,0,0,0,0,0,0.27,0,0,0.82,0.27,0,0,0,1.64,0,1.36,0,0.54,0,0,0,0.27,0.381855242469031
26.7187757834667,0,0.4,0.4,0.4,0.4,0,0,0.4,0,0,0,0,0.4,0,0,4,0,2,0,0,0.4,0,0.682591666620429
19.2741895188624,0,0,1.05,0.52,0,0,0,0,0,0,0,0,1.05,0,0,2.63,0,0,0,1.05,0,0,1.2038727993256
30.7349372770337,0,0,0,0,1.04,0,0,0.52,1.04,0.52,0,0,1.04,0,0,3.66,1.04,1.04,0,1.57,0.52,0,1.7556140225917
13.8368443414491,0,0,0,0,0,0,0,0,3.72,0,0,0,0,0,0,3.1,0,0,0,0,0,0.62,0.385262400790645
28.8432936746454,0,0,0,0,0.57,0,0,0,1.14,0,0,0,0,0,0,5.14,0,1.14,0,2.85,0,0,1.06471073699243
40.8004329133474,1,0,0,2.3,0,0,0,0.76,2.3,0,0,0,0.76,0,0.76,3.07,0,2.3,0,0,0,0,2.42586410915422
5.89549580651111,0,0,0,0,0,0,0,0,0,0,0,0,0,0,0,0,0,0,0,0,0,0,1.5904589458363
28.454554834929,1,0,0,0,0,0,0,0,0.89,0,0,0,0,0,0,3.57,0,2.67,0,0,0,0,0.864997437486605
45.9502325871031,0,0,0,0,0,0,0,2,2,0,0,0,0,0,0,2,0,8,0,0,0,0,1.77291638142658
14.727545032185,0,0,0,0,0,0,0,0,0.61,0,0,0,0,0,0,0.61,0,1.22,0,0,0,1.22,0.825490367547658
26.5500166978193,1,2.94,0,0,0,0,0,0,0,0,0,0,2.94,0,0,0,0,0,0,0,0,0,1.42117876297339
32.8026943299955,0,0,0,0,0,0,0,0,0,0,0,0,0,0,0,3.48,0,2.32,0,0,2.32,0,2.1671089534316
21.5762161823334,0,0.75,0,0,0,0,0,0,0,0,0,0,0,0,0,1.5,0,0,0,0,0,3.75,0.605953968857568
14.5307184303923,0,0.17,0,0,0.17,0.08,0,0.08,0.25,0,0,0,0.08,0,0,0.94,0,0.6,0,0.25,0,1.89,0.608678023933495
20.5415509612528,1,0.49,0.49,0,0,0,0.49,0,2.94,0,0,0,0,0,0,0.98,0,0,0,0,0,1.47,0.803793700647009
37.586782030489,0,0,0,0,2.2,0,0,1.47,0.73,0,0,0,2.94,0,0,5.14,0,0.73,0,0,0,0,0.470003629245736
11.4138666339704,0,0,0,0,0,0,0,0,0,0,0,0,0,0,0,0,0,0,0,0,0,2.12,0.510425543744651
11.5488205736167,0,0,2.3,0,0,0,0,0,0.76,0.76,0,0,0,0,0,2.3,0,1.53,0,0,0,0,1.72401581714154
30.1281887220741,1,0.32,0.23,0.04,1.24,0.4,0.4,0.11,0.68,0.52,0.36,0.28,0.72,0.4,0.4,3.08,0.16,1.32,0,0.44,0.6,0,1.26214736837701
32.6152344844575,1,0,0.98,0.19,0.19,1.38,0.39,0,0.98,0,0.19,0,0.98,0,0,2.56,0.39,1.38,0,0,1.38,0,1.89491756133068
27.6825135506296,0,1.52,0,2.29,0,0,0,0,0,0,0,0,0,0.76,0.76,0.76,0,2.29,0,0,0,0,1.34807314829969
9.88583569147347,0,0,0,0,0.45,0,0,0,0,0,0,0,0.45,0,0,0.22,0,0.45,0,0,0,0,0.904218150639886
17.7519726411824,0,0.29,0,0.14,0,0.58,0,0.29,0,0,0,0,0.87,0,1.46,0.58,0,0,0,0,0,0,1.60522906766005
16.6442283574048,1,0,0,0,0,0,0.67,0,0,0,0,0,0,0,0,1.35,0,1.35,0,0,0,0,1.21905844174398
21.5635255856714,0,1.27,0,0,0,0,0,0,1.27,0,0,0,0,0,0.63,3.18,0,0.63,0,0,0,0,0.795252403497099
40.2305015473768,0,1.11,0.74,0,2.96,0,2.96,0,0,0.74,0,0,0,2.22,0,5.18,0,2.22,0,0,0,0,1.64093657949347
36.2021195943961,0,0.33,0.16,0.33,0.84,0.16,0.5,0.33,1.51,0,0,0,0,1.68,0.33,2.02,1.68,3.87,0,0,0.33,0,1.59493322623122
14.9082365039088,0,0.31,0,0,0.1,0,0,0,0.63,0.21,0,0,0,0.53,0,0,0,0,0,0,0,3.82,0.79795754491229
8.20889746384886,0,0,0,0,0,0,0,0,0.54,0.54,0,0,0,0,0,1.09,0,0,0,0,0,0.54,0.336472236621213
3.90285425119453,0,0,0,0,0,0,0,0,0,0,0,0,0,0,0,0,0,0,0,0,0,0,0.705569700558502
20.1439791779441,0,1.65,0,0,0,0.82,0,0,1.65,0,0,0,0.82,0,0,1.65,0,0.82,0,0,0,0,0.570414415177648
30.324304326659,0,0.32,0.23,0.04,1.24,0.4,0.4,0.11,0.68,0.52,0.36,0.28,0.72,0.4,0.4,3.08,0.16,1.32,0,0.44,0.6,0,1.26214736837701
3.07572566160327,0,0,0,0,0,0,0,0,0,0,0,0,0,0,0,0,0,0,0,0,0,0,0
3.39811445458491,0,0,0,0,0,0,0,0,0,0,0,0,0,0,0,0,0,0,0,0,0,0,0.200488860749404
1.68568723423794,0,0,0,0,0,0,0,0,0,0,0,0,0,0,0,0,0,0,0,0,0,0,0
54.7456419250471,1,0,0,5.4,0,0,0,0,0,0,0,0,5.4,0,0.9,1.8,0,0.9,0,0,0,0,3.21023863147254
6.76381668873883,0,0,0,0,0,0,0,0,0,0,0,0,0,0,0,0.97,0,0,0,0,0,0,0.581656804526582
15.5457106123881,1,0,0,0.45,0,0,0.45,0.22,0.22,0,0,0.22,0.22,0,0.22,1.58,0,1.13,13.34,0.9,0,0,2.63447542011015
31.5866901916205,0,0,0,0,0.71,0,0,0,0.71,0,0,0,1.43,0,0,4.31,0,1.43,0,0,0.71,0,0.8424288832757
2.95011067076044,0,0,0,0,0,0,0,0,0,0,0,0,0,0,0,0,0,0,0,0,0,0,0
39.1454013394087,1,1.79,0.44,0,0,0,0,0,0.44,0,0,0,1.34,0,0,2.24,0,4.48,0,0,0,0,0.677017798630062
23.2587324759832,0,0,0,0,0,0,0,0,0,0,0,0,0,0,1.96,0,0,0,0,0,0,3.92,1.08180517035173
75.5997343593182,1,0,0,0,0,0,0,0,0,0,0,0,0,0,0,14.28,0,7.14,0,0,0,0,0
10.2625492081892,0,0.5,0,0,0,0,0,0,0.5,0,0,0,0,0,0,1.01,0,0,0,0,0,1.01,0.436317571590929
44.2882647427019,0,2.29,0,0,0,0,0,0,1.14,0,0,0,4.59,0,0,3.44,0,1.14,0,0,0,0,2.13546736994236
21.650569439727,0,0.44,1.32,0,0,0,0,0,0,0,0,0,0,0,0.44,1.76,0,2.2,0,2.2,0,0,0.880870786642895
13.0255415005606,0,0,0,0.37,0,0,0,0,0.37,0,0,0,0.74,0.37,0.37,0.74,0.37,0.37,0,0,0,0,0.772882148578799
28.4685907226104,0,0.25,0.18,0.03,1.01,0.4,0.4,0.1,0.72,0.65,0.36,0.25,0.54,0.36,0.32,3.05,0.14,1.45,0,0.29,0.76,0,1.20237152295896
51.6611000008827,1,0,0,0,0,0,1.78,0,3.57,0,0,0,0,0,0,8.92,0,1.78,0,0,0,0,0.870456195530356
25.8211252596256,0,1.15,0.76,0,0,0,0,0,0.38,0.38,0,0,0.38,0,0.38,2.69,0,2.3,0,0,0.38,0,0.573800422927379
14.2175794986882,1,0,0,0,0,0,0,0,0,0,0,0,1.38,0,0,1.38,0,0,0,0,0,0,0.510425543744651
41.5625141695654,0,0.19,0.19,0.19,0,0.95,0.38,0.19,0.57,0,0,2.86,0.19,0,3.43,1.71,0,2.09,0,3.62,0,0,2.41965676457988
21.0400819779922,1,1.14,0,0,0,0.38,0.38,0,0,0,0,0,0,0,0,0.38,0.76,0,0,0,0,0.38,6.37842618365159
27.9078693619248,0,0,0,0,0,0,0,0,0,0,0,0,0,0,0,8.33,0,0,0,0,0,0,0.605953968857568
32.0403068860353,1,0,0,0,0,0,0,0,0,0,0,0,2.4,0,0,2.4,0,2.4,0,0,0,0,0.916290731874155
24.8667868060888,1,0.56,0,0,0,0.28,0,0,0.56,0,0,0,0,0,0.56,3.41,0,1.13,0,0,0,0.56,0.606499373834273
38.3499037663972,0,3.48,0,0,0.58,0.58,0,0,0.58,0,0,0,1.74,0,0,1.16,0,3.48,0,0,0.58,0,0.774727167552368
49.6890923423387,1,0.48,0,0,0.48,0,1.95,0,2.43,0,0.48,0,0.48,0,0,1.95,0,5.36,0,0,0,0,4.03491297845267
24.7793275066148,0,0.56,0,0,0,0.28,0,0,0.56,0,0,0,0,0,0.56,3.41,0,1.13,0,0,0,0.56,0.606499373834273
32.022109614443,1,0,0,0,0,0,0.62,0,1.24,0,0,0,0.62,0,0,1.86,0,3.1,0,0,0,0,2.55753734082291
4.13325194165633,0,0,0,0,0,0,0,0,4.16,0,0,0,0,0,0,0,0,0,0,0,0,0,0.73716406597672
15.8554505746975,0,0,0,0,0,0,1.12,0,0.56,0,0,0,0,0,0,1.12,0,1.12,0,0,0,0.56,0.910674993088519
8.33379345508323,0,0.38,0,0,0,0,0,0,0.38,0.38,0,0,0,0,0,1.14,0,0.38,0,0,0,0,0.0989399478549036
10.0408774842471,0,2.22,0,0,0,0,0,0,0,0,0,0,0,0,0,0.74,0,0,0,0,0,0,0.305276380852732
36.9384344006404,0,0,0,0,0,0,0,0,0,0,0,0,0,0,0,0,0,0,0,0,0,11.11,0
13.5198128083817,0,0.3,0,0,0.15,0.15,0,0.15,2.76,0,0,0,0,0,0.46,1.69,0,0,0,0,0,0.46,0.984696764538215
19.2617953003487,0,0,1.05,0.52,0,0,0,0,0,0,0,0,1.05,0,0,2.63,0,0,0,1.05,0,0,1.2038727993256
41.8907516764244,1,0.25,0.25,0,0,0,0.51,0,1.55,0,0,0,0.77,1.55,0,4.9,0,2.58,0,0.77,0.25,0,1.75336508124074
17.939834797557,0,0,0,0,0,0,0,0,0,0,0,0,0,0,0,0.39,0,0.39,0,0,0,3.58,0.916290731874155
14.105141412995,0,0,0,0,0,0,1.05,0,1.05,0,0,0,1.05,0,0,1.05,0,0,0,0,0,0,0.383900930192324
21.4538424630389,0,0,0,0,0,0,0,0,6.29,0,0,0,0.69,0,0,4.19,0.69,0.69,0,0,0,0,0.693147180559945
19.8928130602307,0,0,0,0,0,0,0,0,0,0.86,0,0,0,0,0,4.34,0,0.86,0,0,0,0.43,0.68006194101129
26.966992971108,0,0,0,0,0,0,0.31,0,0,0.31,0,0,0.63,0,0.31,4.73,0,0.63,0,0,0,0,2.09396062777904
35.0638230485027,1,0.43,0,0,0,0,1.31,0,0.87,0.43,0,0,2.63,0,0,1.75,0,2.19,0,0,0,0,0.845438990902204
6.14896387249481,0,0.25,0.08,0,0.08,0.02,0.12,0,0.27,0,0,0.02,0,0.08,0.23,0.17,0,0.06,0.29,0,0,0,0.854415328156068
11.029874443695,0,0.88,0.22,0,0,0,0,0,0.44,0,0.22,0,0,0,0,0.66,0,0.44,0,0,0,0,1.21905844174398
22.0028176764101,0,0,0,0,0,0,0,0,0,0,0,0,0,0,0,2.66,5.33,1.33,1.33,0,0,0,2.21920348405499
24.0344522198831,0,1.35,0,0.9,0.45,0,1.35,0,0.45,2.71,0,0,0,0,0.9,2.26,0,1.8,0,0.45,0,0,0.894454037264981
31.5763218163757,1,0.28,0.84,0,0.84,0.28,0.28,0.28,1.41,0,0,0,0,1.41,0,0.84,1.98,2.83,0,0.28,0.84,0,1.38103053144479
21.757934685171,0,0,0,0,0,0,1.85,0,1.85,1.85,0,0,0,0,0,5.55,0,0,0,0,0,0,0.546385799164542
16.83978830281,0,0.22,0.22,0,0,0.66,0.44,0.22,0.88,0,0,0,0.22,0,0,1.32,0,1.1,0.22,0.22,0.22,0,2.00148000021012
25.25714595645,0,0.94,0,0,0,0,0,0,0,0,0,0,0,0,0,1.88,0,2.83,0,0,0,0,1.53729723465642
9.69910597669687,0,0.67,0,0,0,0,0,0,0,0,0,0,0,0,0,1.34,0,0,0,0,0,0,0.888713964103921
13.7692526964595,0,0,0,0,0,0,0,0,0,0,0,0,0,0,0,3.57,0,0,0,0,0,0,0.820660500858905
19.4976642423463,0,0,0,0,6.06,0,0,0,0,0,0,0,0,0,0,6.06,0,0,0,0,0,0,0.521171915820135
21.0325614064733,0,0.81,0.2,0.61,0.4,0,0,1.22,1.01,0.2,0,0,0.2,0.4,0.2,1.83,0,1.22,0,0,0,0,1.42527466076077
31.8329213986269,0,1.49,0,0,0,0,0,0,0,0,0,0,2.98,0,1.49,0,0,1.49,0,0,0,1.49,0.0953101798043249
18.1118401209072,0,0,0,0,0,0,0,0,0,0,0,0,1.03,0,0,3.09,0,0,0,0,0,0,1.04485983266886
4.57346122401627,0,0,2.63,0,0,0,0,0,0.87,0,0,0,0,0,0.87,0.87,0,0,0,0,0,0,0.238229188732251
19.1420754884047,0,0,0,0,0,1.03,0.29,0.14,0.59,0,0,0,0,0,0.14,2.36,0.14,0.88,0,0,0.44,0,0.988053098101046
17.2953323294766,0,0,0,0,0,0,0,0,0,0,0,0,0,0,0,1.92,0,1.92,0,0,0,0,0.85526603003638
7.03644129365947,0,0,0,0,0,0,0,0,0,0,0,0,0,0,0,0,0,0,0,0,0,0,1.4190035355296
16.611815452888,0,1.06,0,0,0,0,0,0,1.06,0,0,0,0,0,0,1.06,0,1.06,0,0,0,1.06,0.336472236621213
11.3521346638646,0,0.92,0,0.3,0,0,0,0,0,0,0,0,0,0,0,0.3,0,0.61,0,0.61,0,0,0.729479109807336
12.8255190443499,0,0,0,0,0,0,0,0,0,0,0,0,0,0,0,0,0,2.5,0,0,0,0,0
8.21419190953122,0,0,0,0,0,0,1.92,0,0,0,0,0,0,0,0,0,0,0,0,0,0,0,0
17.1618767180848,0,0,0,0,0,0,0,0,0,0,0,0,0,0,0,0,0,0,0,0,0,5.4,0.929404371019538
10.9499311405336,1,0.17,0,0,0.35,0,0,0,0.88,0,0,0,0,1.95,0,0.17,0,0,0,0,0,0.35,0.719302138036796
24.0965901169411,0,0.32,0,0,0,0,0,0,0.65,0,0,0,0.32,0,1.3,2.61,0,1.3,0,0,0,0,1.45231615666189
14.5592357037675,0,0,0,0,0,0,0,0,0,0,0,0,0,0,0,1.43,0,0.71,0,0,0,0,1.11218640869523
8.78371510971204,0,0.02,0,0,0.05,0,0.35,0,0.02,0,0,0,0.05,0.1,0.38,0.07,0.2,0.17,0,0,0,0.02,1.36660172777415
10.9204969163415,0,0,0,0,0,0,0.9,0,1.81,0,0,0,0,0,0,0,0,0,0,0,0,0.9,1.63139507978614
16.5650482644219,0,0,0,0,0.1,0,0,0,0.4,0.1,0,0,0,0.2,0,0,0,0,0,0.1,0,4.5,0.859085258103376
2.53165782146502,0,0,0,0,0,0,0,0,0,0,0,0,0,0,0,0,0,0,0,0,0,0,0
17.6833686554036,0,0,0,0,0,0,0,0,0,0,0,0,0,0,0,2.37,0,1.01,0,0,0,0.67,0.61572603359136
22.4505076853905,0,0,0,0,0,0,0,0,1.62,0.27,0,0,0,0.27,0,4.87,0,0.81,0.27,0.27,0,0,1.71954713511413
28.8136774964653,0,0.45,0.45,0,0.11,1.02,1.59,0.11,0.34,0.22,0.11,2.16,0,0.45,0.11,3.53,0,1.25,0,0.45,0.45,0,1.43864959145382
38.2247038829271,1,0.32,0.16,0,0.49,0.65,0.49,0.16,1.3,0,0,0.16,1.14,1.3,0.16,3.6,0.49,1.8,0,0,0.49,0,1.7635314477715
27.3442036637824,0,0.4,0.4,0.4,0.4,0,0,0.4,0,0,0,0,0.4,0,0,4,0,2,0,0,0.4,0,0.682591666620429
5.43501682339606,0,0,0.44,0,0,0,0,0,0.44,0.44,0,0,0,0,0,1.32,0,0,0,0,0,0,0.478095799143072
24.9794903043308,0,0,0,0.61,0,0,0,0,0,0,0,0,0,1.23,1.85,2.46,0,1.23,0,0,0,0,0.810930216216329
16.1442463200182,0,0,0,0,0,0,0,0,3.94,0,0,0,0,0,0,2.63,0,1.31,0,0,0,0,0.273075920062419
24.9794531705094,0,0.35,0,0,0,0,0,0,0.7,0,0,0,0.35,0,1.4,2.46,0,1.4,0,0,0,0,1.48839958405704
9.84630635235308,0,0,0,0,0,0,0,0,1.16,0,0,0,0.77,0,0,0.77,0,0,0,0,0,0,0.693147180559945
25.195713333646,0,0,0,0,0,1.14,0,0,1.14,0,0,0,0,0,0,0,0,3.44,0,0,1.14,0,1.30318445439688
10.9816493574528,0,0,0,0,0,0,0,0,0,0,0,0,0,0,0,0,0,0,0,0,0,1.97,0.861623330531847
8.47019415240499,0,0.79,0,0,0,0,0,0,0.79,0,0,0,0,0,0,0.79,0,0,0,0,0,0,0.153579087928301
18.0331158035643,0,0.04,0.22,0.04,0,0,0.58,0.09,1.17,0,0,0,0.13,0.04,0,1.3,0,1.17,0,0.04,0,0.9,0.578858034157818
39.8170245246906,0,1.5,0,0,0,0,1,0.5,2,0,0,0,0,0,0,6.5,0,3,0,0,0,0,0.29416103854949
30.9718441096164,1,0.77,0,0,0,0,0,0,1.55,0,0,0,0.77,0.77,0,2.32,0,2.32,0,0,0,0,1.02747426083477
3.38462065259456,0,0.21,0.21,0.1,0,0.1,0.21,0,0.21,0.32,0,0,0,0.21,0,0,0,0,0,0.54,0,0,0.68662596356968
22.4211156144944,1,1.34,0.12,0,0.12,0,0,0.36,0.85,0,0,0,0.24,0.24,0,2.33,0,0.73,0,0,0,0,0.854840769557932
27.6601339230325,0,0,0,4.08,0,0,0,0,0,0,0,0,0,0,0,2.04,0,0,0,0,2.04,0,1.43055045237443
24.3659673214032,0,0.58,0,0.58,0.58,0,0,0,0,0,0.58,0,0.58,0.58,0.58,0.58,0,1.74,0,0,1.16,0,1.20537182523964
16.0614429208506,0,0.42,0,0,0,0,0,0,0,0,0,0,0.42,0,0,2.14,0,1.28,0,0,0,0,0.187309098304994
13.632571250267,1,0.33,0,0,0,0,0,0,0.33,0,0,0,0.33,0,0.33,0.33,0,0.33,0,0,0,0.99,0.701115350209122
20.0065842255592,0,0.9,0,0.9,0,0,0.9,0.9,0,0.9,0,0,0,0,0,2.72,0,0.9,0,0,0,0,0.733809162278835
11.8383338330306,0,0.26,0,0,0,0,0,0.26,1.06,0,0.26,0.26,0.8,0,0.26,1.33,0,0,0,0,0,0,0.736206670020392
2.46936753900913,0,0,0,0,0,0,0,0,3.03,0,0,0,0,0,0,0,0,0,0,0,0,0,0.430482871083452
3.58595866718613,1,0,0,0,0,0,0,0,0,0,0,0,0,0,0,0,0,0,0,0,0,0,0.693147180559945
25.2214412007036,0,0.64,0.64,0.32,0.64,0,0,0,0.32,0.32,0,0,0.32,0.32,0,2.27,0,3.24,0,0,0.32,0,0.401457086710626
18.9772997243826,0,0,0,0,0,0.59,0,0,0,0,0,0,0,0,0,1.77,0,1.77,0,0,0,0,2.02656805207277
32.8265334600988,0,1.48,0,0.49,0,0,0,0,0.99,0,0,0,0.49,0.99,0,2.47,0,2.97,0,0,0,0,1.63178631609786
19.9405854191344,1,1.51,0,0,0,0,0,0,3.03,0,0,0,0,0,0,1.51,0,0,0,0,0,0,0.559615787935423
7.93041181241432,0,0.82,0,0,0,0,0,0,1.65,0,0,0,0,0.82,0,0,0,0,0,0,0,0,0.72270598280149
12.6667983270723,0,0.33,0,0,0,0,0,0,0.33,0,0,0,0.33,0,0.33,0.33,0,0.33,0,0,0,0.99,0.701115350209122
12.14999885927,0,0.67,0,0,0,0,0,0,0,0,0,0,0,0,0.67,0.67,0,0.67,0,0,0,0,0.839409687538197
23.8145553257026,0,0.36,0.09,0,0.36,0.09,0,0,0.63,0.09,0.36,0,0,0.09,0,1.27,0,3.38,0,0.36,0.09,0,1.43317794701874
12.8779691858707,0,0.08,0,0,0.16,0,0,0,1,0.08,0,0,0,0.25,0,0.16,0,0,0,0,0,2.68,0.888713964103921
25.9607710334556,0,0,0,0,0,0,0,0,0,0,0,0,0,0,0,1.49,0,4.47,0,0,0,0,0
8.46657282681964,0,0,0,0,0,0,0.57,0,1.43,0,0,0,0,0,0,0,0,0.28,0,0,0,0.28,1.065400154462
16.7097424671045,1,0,0,0,0,0,0,0,0,0,0,0,0,0,0,0.77,0,2.32,0,0,0,0,0.144965770250186
37.4863367857798,0,1.44,0,0,0,0.24,1.32,0.72,2.52,0.6,0,0,0.6,0.24,0,4.44,0,1.8,0,0.72,0.96,0,1.26638406444733
2.72165527997747,0,0,0,0,0,0,0,0,0,0,0,0,0,0,0,0,0,0,0,0,0,0,0
15.4317181536656,0,0,0,0,0,0,0,0,0,0.68,0,0,0,0,0,1.37,0,2.06,0,0,0,0,0.117783035656383
15.2330586056208,0,0,0,0,0,0,0,0,1.03,0,0,0,0,0,0.62,0.41,0,0,0,0,0,2.49,1.02854741421982
5.80386767953588,0,0.13,0,0,0,0.13,0,0,1.1,0.55,0,0,0,0,0,0.13,0,0,0,0,0,0.13,0.914689450507181
11.9909024442276,0,0,0,1.23,0,0,0,0,0,0,0,0,1.23,0,0,0,0,0,0,0,0,0,0.321358598811165
14.323853511144,0,0.04,0.04,0,0,0.16,0.08,0.2,0.62,0,0,0,0.16,0.04,0,0.71,0,0.41,0,0.12,0,2.01,0.60431596685333
31.5285851477731,0,0.57,0,0.57,0,0,0.57,0,0.57,0,0,0,0,0,0.57,4.57,0,1.14,0,0,0,0.57,2.01650174190596
4.04378897832271,0,0,0,0,0,0,0,0,0,0,0,0,0,0,0,0,0,0,0,0,0,0,0.635518067723309
11.0916238421032,0,0.37,0,0,0,0,0,0,0,0,0,0,0.37,0,0.37,1.13,0,0.37,0,0,0,0,0.583332314552739
22.2403039922711,0,0,0,0,0,0.44,0.29,0,0.44,0,0,0,0.14,0,0,3.14,0,1.64,0,0,0.14,0,1.12330490125848
9.63668598211079,0,0,0,0,0,0,0,0,0,0,0.85,0,0,0,0,0.85,0,0,0,0,0,0,1.36736635123437
28.7235927143652,0,1.92,0,0,0,0,0,0,1.92,0,0,0,0,0,0,1.92,0,3.84,0,0,0,0,1.01160091167848
8.08867245220437,0,0,0,0,0,0,0.69,0,0,0,0,0,0,0,0,0,0,0.69,0,0,0,0,1.2950011026735
28.7662966887835,0,0.15,0.03,0,0.19,0.57,0.65,0.3,0.73,0.65,1.27,0.03,0.23,0.42,0,3.08,0,1.34,0,0.5,0.5,0,1.97435876522668
27.9675902229074,0,0.14,0.03,0.03,0.14,0.56,0.67,0.29,0.67,0.59,1.23,0.03,0.22,0.44,0.07,3.43,0,1.53,0,0.59,0.63,0,1.98787434815435
25.3769248301086,0,0.33,0,0,0,0,0,0,0.66,0,0,0,0.33,0,1.32,2.64,0,1.32,0,0,0,0,1.39227643279744
12.3679387606929,0,0,0,0,0,0,0,0,0,0,0,0,0,0,0,1.82,0,0.6,0,0,0,0,0.676509539406922
31.4606159377266,0,0,0,1.04,0,0,0,0,0,0,0,0,2.08,0,0,2.08,0,2.08,0,0,0,0,1.33815398579196
32.0599852754489,0,0.25,0.38,0,0,0.5,0.06,0.12,0.63,0.19,0,0,0.69,0.5,0.38,3.49,0.06,1.27,0,0.31,1.08,0,1.67428888475372
9.10760103066306,0,0,0,0,0,0,0,0,0,0,0,0,0,0,0,0,0,0,0,0,0,1.63,0.782530741694631
23.9464724690925,0,1.3,0,0.98,0.98,0.32,1.79,0,0.81,0,0,0.32,0.49,0.65,0,0.98,0.16,1.3,0,0,0,0,1.07226831332851
5.84121965633989,0,0,0,0,0,0,0,0,0,0,0,0,0,0,0,0,0,0,0,0,0,0.72,0.498348102254878
5.58402466886442,0,0,0,0,0,0,0,0,0.18,0,0,0,0,0,0,0,0,0,0,0,0,0.18,0.761273009607546
42.0548404904081,0,0.68,0.34,0.34,0,0,0,0,0.34,0,0,0,2.04,0,0.34,4.76,0,2.38,0,0,0.34,0,1.94276234276458
15.1501338626447,0,0,0,0,0,2.48,0,0,0,0,0,0,0,0,0,0.49,0,0.99,0,0,0.49,0,2.31836001210941
14.9576924985062,0,0,0,0,0,0,0,0,0,0,0,0,0,0,0,3.33,0,0,0,0,0,0,0.832909122935104
9.18677891879095,0,0,0.16,0,0,0,0.49,0,0.16,0.32,0,0,0,0,0,1.3,0,0.32,0,0,0,0,0.778407024510769
9.64651892252886,0,0,1.09,0,0,0,0,0,0,0,0,0,0,0,0,2.19,0,0,0,0,0,0,0.985070247268981
32.7777979240914,0,0.02,0.13,0.02,1.11,0.23,0.29,0.05,0.34,0.42,0.07,0.55,0.87,0.45,0.66,3.95,0.05,1.59,0,0.39,0.34,0,1.63080793817029
17.4097089470617,0,0,0,0,0,0,0,0,0,0,0,0,0,0,0,0,0,0,0,0,4.16,0,0.356274863917393
26.3394894748837,0,0,0,0,0,0,0.58,0,2.33,0,0,0,0.58,0,0,1.75,0,3.5,0,0,0,0,0.768718367407019
27.3811714659751,0,1.92,0,0,0,0,0,0,1.92,0,0,0,0,0,0,1.92,0,3.84,0,0,0,0,1.01160091167848
1.4157817992032,1,0,0,0,0,0,0,0,0,0,0,0,0,0,0,0,0,0,0,0,0,0,0
30.2668645822659,1,0.54,0.27,0,1.62,0,1.62,0,0,0,0,0.54,0,0,0.27,2.16,0,2.7,0,0,0,0,2.07203921191307
10.9143026598327,0,0,0,0,0,0,1.24,0,0,0,0,0,0,0,0,1.65,0,0,9.95,0,0,0,2.00363982826355
11.0378305481249,0,0,0,0,0,0,0,0,0.5,0,0,0,0,0,0,0,0,0,0,0.5,0,1.52,1.4607058586337
15.6012868405615,0,0.94,0,0,0.31,0,0.63,0,1.26,0,0,0,0,0,0,0.94,0,1.26,0,0,0,0,1.36200166855085
21.0978788280211,0,0,0,0,0,0,0,0,0,0.73,0,0,0,0,0,3.67,0,0.73,0,0,0,1.47,0.775187890896155
27.812503058453,1,0.04,0.11,0.04,0.21,0.4,0.69,0.23,0.88,0.52,1.14,0,0.23,0.4,0,2.93,0,1.36,0,1,0.31,0,1.67690962754911
35.9333697311466,0,0.33,0.16,0.33,0.84,0.16,0.5,0.33,1.51,0,0,0,0,1.68,0.33,2.02,1.68,3.87,0,0,0.33,0,1.59493322623122
14.6600891667477,1,0.28,0,0,0,0,0,0,0.84,0,0,0,0,0,0,0.28,0,0,0,0,0,1.69,0.666803205220343
19.7176644960313,0,0,0,0,0,0,1.38,0,0,0,0,0,0,0,0,4.16,0,0,0,0,0,0,0.405465108108164
5.5290162611216,0,0,0,0,0,0,0,0,0,0,0,0,0,0,0,0,0,0,0,0,0,0,0
30.2054084806455,1,0.05,0.16,0.05,0.24,0.46,0.79,0.27,1.01,0.6,1.23,0,0.21,0.38,0,3.3,0,1.5,0,1.09,0.35,0,1.93094153336139
13.8439584012618,0,0,0.63,0,0,0,0,0,0,0,0,0,0,0,0,0.63,0,0,0,0,0,3.16,0.444685821261446
18.1432452402025,0,0,0,0,0,0,0,0,0,0,5.12,0,0,0,0,2.56,0,0,0,0,0,0,0
40.5873508315923,1,0,0,0,0,0,0,0,0,0,0,0,1.75,0,1.75,5.26,0,1.75,0,0,0,0,1.47590651980958
6.98995147631448,0,0,0,0,0,0,0,0,0.68,0,0,0,0,0,0,0.68,0,0,0,0,0,0,0.587786664902119
26.3740942707051,0,1.17,0,0,0,0,0,0,0.39,0,0,0,0.78,0,0,1.56,0,1.96,0,0,0.78,0,1.41366630791574
31.7867995412182,1,0.15,0.03,0,0.19,0.58,0.66,0.31,0.7,0.62,1.29,0.03,0.23,0.43,0,3.16,0,1.36,0,0.5,0.46,0,1.97296929716932
34.9292682579861,1,0.23,0.47,0,0.47,0,0.95,2.61,1.66,0,2.61,0,0,0,0,3.8,0,0.95,0,0.23,0,0.71,1.3297240096315
29.8943734130561,0,0.6,0.2,0.4,0.1,1.41,0.8,0.1,0.5,0,0,0,0.1,0,1.11,2.22,0.4,1.92,0,0,0.3,0,1.15467751260106
19.8918441032983,1,1.26,0,1.26,0,0,0,0,0,0,0,0,0,0,1.26,0,0,1.26,0,0,0,0,1.26101454469313
14.0223042028807,0,0.09,0,0,0.04,0.04,0.04,0.04,0.74,0,0,0,0.13,0.04,0.04,0.93,0,0.65,0,0,0,1.49,0.522358859579664
16.5052774782294,0,0,0,0.63,0,0,1.26,0,0,0,0,0,0.63,0,0,0.63,0,0,0,0,0,0,2.13723864040605
4.95317485443513,0,0.1,0.1,0,0.4,0,0,0.1,0.8,0,0,0,0,0,0.1,0.1,0,0,0,0,0,0.1,0.492254238180555
22.1924889952013,0,0,0,0,0,0,0,0,0,0,0.98,0,0,0,0,1.96,0,0.98,0,0,0,1.96,1.14071346468675
1.95628982936249,0,0,0,0,0,0,0,0,2.22,0,0,0,0,0,0,0,0,0,0,0,0,0,0.318453731118535
4.47009020671815,0,0,0,0,0,0,0,0,0,0,0,0,0,0,0,0,0,0,0,0,0,0,0.485507815781701
45.7015388854702,1,0,0,0,0,0,0,0,0,1.26,0,0,0,2.53,5.06,2.53,0,3.79,0,0,0,0,0.567016903415733
30.4586585082096,1,1.44,0.48,0,0,0,0,0,0.96,0,0,0,0,0.96,0,2.41,0,2.41,0,0.48,0,0,1.70256389042358
14.3837514210969,0,0.24,0.49,0,0,0,0.49,0,0.24,0,0,0,0,0,0,0.99,0,0.49,0,0,0,0.74,1.53342042601018
25.1654904204231,0,0,0,0.66,0,0,0,0,1.32,0,0,0,0.66,0.99,0,2.64,0,0.99,0,0.66,0,0,1.93614837185336
3.23662007787108,0,0,0,0,0,0,0,0,0,0,0,0,0,0,0,0,0,0,0,0,0,0,0.485507815781701
7.53532343266071,0,0,0,0,0,0,0.72,0,0,0,0,0,0,0,0,0,0,0,0,0,0,0,1.36200166855085
15.6509682948607,0,1.01,0,0,0,0,0,0,0.67,0.67,0,0,0,0,0,1.35,0,1.68,0,0,0,0.33,0.844150054096473
50.8069489747616,0,0,0,0,0,0,0,0,0,0,0,0,0,0,0,0,0,0,0,0,0,16.66,1.13943428318836
31.3859167448525,0,1.92,0,0.56,0.45,0,0.45,0.22,1.81,0,0,0.79,0.22,0.11,1.81,2.38,0,1.36,0,0.11,0.22,0,1.14898849599318
15.4748419066387,1,0,0,0,0,0,0,0,0,0,0,0,0,0,0,0,0,0,0,0,0,3.5,0.789820067820206
13.7062225436887,1,0,0,0,0.5,0,0,0,1,0.5,0,0,0,0,0,1.5,0,0,0,0,0,1,0.394067063155795
9.14828512730571,0,0.2,0,0.04,0.04,0.04,0.49,0.12,0.32,0.12,0.04,0,0.08,0,0,0.77,0,0.2,0,0,0,0,1.01050940711314
1.71352182867116,0,0,0,0,0,0,0,0,0,0,0,0,0,0,0,0,0,0,0,0,0,0,0.207014169384326
19.9616067436914,0,0,0,0,0,0,0,0,0,0.85,0,0,0,0,0,4.25,0,0.85,0,0,0,0.42,0.572108852182889
8.79082992235671,0,0.29,0,0,0,0.29,0,0,0.29,0,1.19,0,0,0.29,0,0.29,0,0.29,0,0,0,0,1.20537182523964
81.8532172617327,1,0,0,1.69,0,0.84,0.84,0,0.84,0,0,0,10.16,0.84,0,0.84,0,2.54,0,0,0.84,0,5.15329159449778
3.11931949754531,0,0,0,0,0,0,0,0,0,0,0,0,0,0,0,0,0,0,0,0,0,0,0
12.1196498797621,0,0.19,0.32,0.38,0,0.06,0,0,0.64,0.25,0,0.12,0,0,0.12,1.67,0.06,0.7,0,0.19,0,0,0.549276810140243
24.5668738076664,0,0,0,0,0,0,0,0,0.86,0,0,0,0,0,0.86,0.86,0,2.58,0,0,0,1.72,0.594431207620788
2.3792942453316,0,0,0.23,0,0,0,0,0,0,0,0,0,0,0,0,0.23,0,0,0,0,0,0,0.0629747991613884
12.0333034475074,0,0.32,0.32,0,0,0,0,0,0.32,0,0,0,0,0,0,1.3,0,0.98,0,0,0,0,0.262364264467491
30.6956787550195,0,0,0,2.35,0,2.35,0,0,1.17,0,0,0,1.17,0,0,2.35,0,0,0,2.35,0,0,1.5208252540775
20.611167694678,1,1.11,0,0,0,0,0,0,0,0.92,0,0.18,0,0.37,0.37,3.14,0,0.92,0,0,0,0,0.319907219746518
14.7405618895027,0,0.32,0,0.16,0,0,0.48,0.16,0,0.16,0,0.16,0.16,0,0.8,0.16,0.16,0.64,0,0,0,0,1.74204387698212
15.898307587609,0,0,0,0,0,0,0,0,0.42,0,0,0,0,0,0,1.28,0,1.28,0,0,0,0.85,0.745739630679116
28.9906261993571,0,0,0,0,0,0,0,0,0,0,0,0,0,0,2.77,0,0,0,0,0,0,5.55,0.522951803563831
22.869336493918,0,0,0.53,0.53,0,0,0,0,0,0,0,0,0,0,1.6,2.67,0,1.6,0,0,0,0,0.75659135311648
19.1049302998468,0,0,0,0,0,0,0,0,0,0,0,0,0,0,0,0,0,0,0,0,4.16,0,0.356274863917393
10.2500942725849,0,0,0,0,0,0,0,0,0.46,0.46,0,0,0,0,0,1.38,0,0.46,0,0,0,0.46,0.56531380905006
4.01679939104084,0,0,0,0,0,0,0,0,0,0,0,0,0,0,0,0,0,0,0,0,0,0,0.916290731874155
3.25411200063658,0,0,0,0,0,0,0,0,0,0,0,0,0,0,0,0,0,0,0,0,0,0,0
26.7941504172906,0,0.36,0.09,0,0.18,0.09,0,0,0.73,0,0.36,0,0,0,0,2.01,0,3.38,0,0.36,0.09,0,1.30535541861454
40.5747155343552,1,1.31,0,1.31,1.31,1.31,1.31,0,0,0,0,0,0,1.31,0,1.31,1.31,3.94,0,0,0,0,3.88156379794344
9.2603407282237,0,0.11,0,0,0,1.02,0,0,0.45,0,0,0,0.11,0,0,0.45,0,0.22,0,0,0,0.56,1.45768435720656
7.06245594090703,0,0,0,0,1.11,0,0,0,0,0,0,0,0,0,0,0,0,0,0,1.11,0,0,1.37371557891303
14.0169347513503,0,0,0,0,0,0,0,0,0,0.68,0,0,0,0,0,4.1,0,0,0,0,0,0,0.640273690952877
12.9132922016722,1,0,0,0,0,0,0,0,3.33,0,0,0,0,0,0,0,0,0,0,0,0,0,0.262364264467491
12.5532547144438,0,0.76,0,0,0,0,0,0,0,0,0,0,0,0.76,0,0,0,0,0,0,0,2.3,0.832909122935104
25.8055046189777,0,0.52,0,0.07,0,0.67,0.6,0.22,0.82,0.07,0,0.15,0,0.07,0,3.3,0.22,1.87,0,0,0.22,0,1.23721413810574
6.56707064509388,1,0,0,0,0,0,0,0,0,0,0,0,0,0,0,0,0,0,0,0,0,0,0.693147180559945
11.4573300668616,0,0,0,0,0,0,0,0,0,0,0,0,0,0,0,1.19,0,0.59,0,0,0,0,0.53062825106217
8.86074521525701,0,0,0.61,0,0,0,0,0,0.61,0,0,0,0,0,0,1.85,0,0,0,0,0,0,0
18.4977280558722,1,0,0,0,0,0,0,0,1.53,0.76,0,0,0,0,0,3.07,0,0.76,0,0,0,0,0.367417040470634
14.4834655592284,0,0,0,0,0,0,0,0,1.14,0,0,0,0,0,0,2.29,0,0,0,0,0,1.14,0.757529439489213
59.8998306253708,1,0,0,0,0,0,0,0,0,0,0,0,0,0,0,18.75,0,0,0,0,0,0,0
29.3688813354708,0,0.4,0.1,0.1,0,0.2,0.2,0.4,0.5,0,0.6,0,0.91,0.2,0,1.72,4.26,1.72,0,0.4,0.2,0,1.93412671051498
15.6375953515333,0,0,0,0,0,0,0,0,0.97,0,0,0,0,0,0,1.94,0,0.97,0,0,0,0,0.851858871714766
15.7150809649855,1,0,0,0.23,0,0,0.47,0,0,0,0,0,0,0,0,1.17,0,0.23,0,0,0,1.64,0.883767540168595
8.13542761707262,0,0,0,0,1.08,0,0,0,0,0,1.08,0,0,0,0,0,0,0,0,1.08,0,0,1.37371557891303
23.2878762387063,0,0.15,0.15,0.05,0.1,0,0.42,0.1,0.95,0.42,0.05,0.05,0,0,0.36,3.16,0,1.58,0,0.52,0.31,0,1.5746394068914
26.3842407996852,1,5.55,0,0,0,0,0,0,5.55,0,0,0,0,0,0,0,0,0,0,0,0,0,0.200488860749404
5.51562181152647,1,0,0,0,0,0,0,0,0,0,0,0,0,0,0,0,0,0,0,0,0,0,0
17.6305458242632,0,0,0,0,0,0,0,0,0.84,0,0,0,0,0,0,2.52,0,1.68,0,0,0,0,0.265436463504461
29.4776937311607,1,0,0,0,0,0,0.64,0,1.28,0,0,0,0,0,0,3.52,0,1.6,0,0,0,0.96,0.502591818838887
35.1303056515561,0,0,0.57,0,0.57,1.15,1.34,0,0.38,0.38,0,1.15,0.19,0.19,1.92,2.11,1.15,1.15,0,1.34,0.77,0,2.68232205252948
34.9152802754764,0,0.53,0.17,0.17,0.89,0.17,0.53,0.35,1.61,0,0,0,0,1.79,0,1.97,1.61,4.12,0,0,0.35,0,1.64151780589751
4.16758510532932,0,0,0,0,0,0,0,0,0,0,0,0,0,0,0,0,0,0,0,0,0,0,0.587786664902119
3.82075543437061,0,0,0,0,0,0,0,0,1.24,0,0,0,0,0,0,0,0,0,0,0,0,0,0.470003629245736
19.7859774706568,0,0,0,0,0,0,0,0,0,0,0,0,0,0,0,0,0,0,0,0,0,4.65,1.19755223652301
7.80200244494467,1,0,0.23,0.23,0.23,0,0,0,0.46,0,0.46,0,0,0,0,0.23,0,0,0,0.23,0,0,1.15813826798214
8.54732902158768,0,0.11,0.22,0,0.11,0,0,0,1.32,0,0,0,0,0,0,0.22,0,0,0,0,0,0.99,0.478715569847757
7.48522562877562,0,0,0,0,0,0,0,0,0,0,0,0,0,0,0,0,0,0,0,1.96,0,0,1.51468757588829
51.8138462467495,0,0,0,0,0,0,0,0,0,0,0,0,3.03,0,3.03,3.03,0,3.03,0,0,0,0,1.63957906934609
8.57017452154556,0,0,0,0,1.11,0,0,0,0,0,0,0,0,0,0,0,0,0,0,1.11,0,0,1.37371557891303
32.8549467933495,1,0.38,0.38,0,0,0,0.38,0,1.53,0,0,0,0,0,0,1.92,0,3.07,0.38,0,0,0,4.49869794147757
36.2199398583693,1,0,0,0,0,0,2.8,0.93,0,0,0,0,0,2.8,0,4.67,0.93,0.93,0,0,0,0,0.477475644084437
17.3136054972996,1,0.14,0.04,0,0.29,0.29,0.94,0.14,0.04,0.14,0,0.19,0.04,0.39,0.19,1.6,0.04,0.79,9.53,0.69,0.47,0,2.5121975100239
3.65140259540515,0,0,0,0,0,0,0,0,0,0,0,0,0,0,0,0,0,0,0,0,0,0,0
35.8344137046823,1,0,0,0.37,0,0.37,1.12,1.12,1.12,0,0,0,0,0,0.74,2.99,0,2.24,0,0,0.37,0,1.5532907518111
37.5556508162915,1,4.08,0,0.68,0,0,0.68,1.36,1.36,0,0,0,0,0.68,0.68,2.72,0,1.36,0,0,0,0,1.88524981231539
2.17446366193872,0,0,0,0,0,0,0,0,0,0,0,0,0,0,0,0,0,0,0,0,0,0,0
3.71099134462858,1,0,0,0,0,0,0,0,0,0,0,0,0,0,0,0,0,0,0,0,0,0,0.356274863917393
3.56939050731544,0,0,0,0,0,0,0,0,0,0,0,0,0,0,0,0,0,0,0,0,0,0,0.608133806232989
15.0652913772534,1,0.55,0,0,0,0,0,0,0.55,0,0,0,0.11,0.11,0,1.22,0,0,0,0,0,1.22,1.11874165996328
21.036207421916,0,0.26,0.26,0,0,0,0.26,0,0.26,0,0,0,0.26,0,0,2.08,0,2.6,0,0,0,0.26,0.934130650002486
37.5049862798421,0,2.85,0,0,0,0,0,0,0,0,2.85,0,0,0,2.85,0,0,2.85,0,0,0,0,1.33500106673234
16.9542128311002,0,0,0.7,0,0,0,0,0,0,0,0,0,0,0,0,3.54,0,0.7,0,0,0,0,0.318453731118535
17.5136454123868,0,0,0.66,0,0,0,0,0,0.33,0,0,0,0,0,0,2.65,0,0.33,0,0,0,1.99,0.579978482454307
18.1263396015064,0,0,0,0,0,0,0.97,0,0.97,0,0,0,0,0,0,1.94,0,0,0,0,0,0.97,2.0949457282158
23.6627157252446,1,0.64,0,0,0,0,0,0.64,0.64,0,0,0,0,1.29,0,1.29,5.19,1.29,0,0,0.64,0,1.01341744260488
28.5704089634448,0,0,0,0,0,0,0,0,1.43,0,0,0,0,0,1.43,0.71,0,2.87,0,0,0,2.15,1.3609765531356
3.83266516542595,0,0,0,0,0,0,0,0,1.92,0,0,0,0,0,0,0,0,0,0,0,0,0,0.503801008829026
24.0669513858014,0,0.28,0.14,0.28,0.28,0,0.43,0.14,0.28,0,0,0,1.88,0.14,0.14,1.01,0,1.44,0,0,0,0,0.829861003875767
15.3558717471613,0,0.14,0,0.14,0,0.57,0.14,0.14,0,0,0,0,0.86,0,0.57,0.57,0,0,0,0,0,0,1.69671592054116
40.9787133634566,0,0.47,0.11,0,0.59,0.71,2.86,0.23,0.11,0.23,0,0.47,0.11,0.59,0.47,3.21,0,1.66,0,1.9,1.07,0,2.27264121662097
18.3618096059121,0,0.51,0,0,0,0,0,0,0,0,0,0,0.51,0,0,1.53,0,1.53,0,0,0,0,0.679048256180444
11.1774754763175,0,0,0,0,0,0,0,0,0,0,0,0,0,0,0.39,0.98,0.19,0.98,0,0,0,0.19,1.21698774140343
15.0547773269223,0,0,0.63,0,0,0,0,0,0,0,0,0,0,0,0,0.63,0,0,0,0,0,3.16,0.444685821261446
3.5882596655811,0,0,0,0,0,0,0,0,0,0,0,0,0,0,0,0,0,0,0,0,0,0,0.847154993039293
49.9877252921268,1,0.37,0,0,0.37,0.37,1.89,0.37,2.65,0,0.37,0,0.37,0,0,2.27,0,4.54,0,0.37,0,0,4.13516655674236
12.3924373594625,0,0.41,0,0,0,0,0,0,0,0.41,0,0,0,0,0,3.33,0,0,0,0,0,0,0.367417040470634
28.6771771381855,0,0,0.4,0,0.2,1.43,0.61,0,0.2,0,0,0,0,0,0,2.66,0.2,2.04,0,0,0.61,0,2.48156774852249
26.6382201887846,0,1.52,0.35,0.05,0.05,0.05,0.05,0.05,0.52,0.29,0.05,0,0,0.64,0.05,4.21,0.23,1.11,0,0.81,0.05,0,0.608678023933495
3.94515015090139,0,0,0,0,0,0,0,0,0,0,0,0,0,0,0,0,0,0,0,0,0,0,0.587786664902119
17.0418195685136,0,0,0,0,0,0,0,0,3.94,0,0,0,0,0,0,2.63,0,1.31,0,0,0,0,0.273075920062419
5.61826710072147,0,0,0,0,0,0,0,0,0,0,0,0,0,0,0,0,0,0,0,0,0,0,0.22314355131421
21.3538986448046,0,0,0,0,0,0,0,0,0,0.55,0,0,0,0,0.55,3.31,0,0,0,0,0,2.2,1.27982211660937
26.3219154343698,0,1.45,0,0,0,0,0,0,0.97,0,0,0,0,0.97,0,2.42,0,2.42,0,0.48,0,0,1.64345279102138
14.6668614328024,0,0.8,1.61,0,0,0,0,0,0.8,1.61,0,0,0,0,0,4.03,0,0,0,0,0,0,1.79175946922805
9.4655021436976,0,0.64,1.29,0,0,0,0,0,0,0,0,0,0,0,0,1.29,0,0,0,0,0,0,0.988053098101046
12.69610581129,1,0,0,0,0,0,0,0,1.63,0,0,0,0,0,0,1.63,0,0,0,0,0,0,0.847154993039293
24.4286422111305,0,0,0.67,0,0.16,1.34,0.33,0,0.67,0,0.16,0,0.5,0,0.16,2.02,0.33,0.84,0,0,1.17,0,2.26716514776279
16.2481627842751,1,0,0,0,0,1.55,0,0,0.51,0,0,0,0,0,0,1.03,0,0,0,0,0,0.51,3.25083950007359
16.4216709921904,0,0,0,0,0,0,0,0,0,0,0,0,0,0,0,0,0,0,0,0,0,4.34,0.961264097516886
47.7470726652986,0,0,0,0,0,0,0,0,0,0,0,0,0,0,0,6.66,0,0,0,0,6.66,0,1.02137120832466
3.88797420094269,0,0,0,0,0,0,0,0,0,0,0,0,0,0,0,0,0,0,0,0,0,0,0
16.7985740877946,0,0.09,0,0,0.55,0,0.09,0,0.73,0.09,0,0,0,0.55,0,0.09,0,0,0,0.36,0.09,3.48,0.782987884559735
4.55855026347522,0,0,0,0,0,0,0,0,0,0,0,0,0,0,0,0,0,0,0,0,0,0,0.405465108108164
3.93094848745135,1,0,0,0,0,0,0,0,0,0,0,0,0,0,0,0,0,0,0,0,0,0,0.405465108108164
10.6479697225514,0,0,0,0,0,0,0,0,2.08,0,2.08,0,0,0,0,2.08,0,0,0,0,0,0,0
14.9158357615036,0,0,0,0.34,0,0,0.34,0,0.34,0,0,0,0.68,0.34,0.34,0.68,0.34,0.34,0,0,0,0,0.814036497835399
22.6670498506049,0,0.42,0.08,0.08,0.42,0.08,0.08,0,0.6,0.17,0.17,0,0,0.17,0.08,1.2,0,3.17,0,0.34,0.08,0,1.4036429994545
25.6764714823955,1,0.35,0,0,0,0,0,0,0.71,0,0,0,0.35,0,1.42,1.77,0,1.06,0,0,0,0,1.32654435671412
19.3371765272863,0,0,0,0,0,0,0,0,0,0,0,0,0,0,0,1.17,0,0,0,0,0,4.7,1.05848449757733
8.6531817179414,0,0,1.34,0,0,0,0,0,0,0,0,0,0,0,0.67,1.34,0,0,0,0,0,0,0.250758718347183
10.5295350712266,0,0,0,0,0,0,0,0,1.31,0,0,0,0,0,0,0,0,0,0,0,0,2.63,0.792087128414849
17.9155942103751,0,1.56,0,1.56,0,0,0,0,0,0,0,0,0,0,0,1.56,0,0,0,0,0,0,2.08976309075171
10.6259756409334,0,0.36,0.24,0,0,0,0,0.12,0.12,0.12,0,0,0,0,0,1.21,0,0.96,0,0,0.12,0,0.288931291852213
10.1252798433095,0,0,0,0,0,0,0,0,0.72,1.81,0,0,0,0,0,0.72,0,1.09,0,0,0.72,0,0.940788203474542
35.1321416326707,0,1.38,0.69,0.17,0.17,0,0.17,0,0.86,0,0,0.34,1.55,0.34,0.17,2.94,0,2.42,0,0,0,0,1.56694786081315
10.1059154143921,0,0,0,0,0,0,0,0,0.78,0,0,0,0,0,0,1.56,0,0,0,0,0,0,0.171429115627531
63.0584414466691,1,1.28,0,2.56,1.28,1.28,1.28,1.28,1.28,0,0,0,0,5.12,0,2.56,1.28,5.12,0,0,0,0,4.63148100077789
31.0224818813626,1,0,0,0,0,0,0,0,1.75,0,0,0,0,0,0,3.5,0,3.5,0,0,0,0,0.117783035656383
29.4907309685249,1,0.53,0,0,0.53,0,0,0,1.06,0,0,2.12,0,0.53,0.53,2.65,0,2.65,0,1.59,0,0,1.61700917793042
8.49165837403609,0,0,0,0,0.12,0,0,0,0.12,0,0,0.12,0,0,0,0.12,0,0,0,0,0,0.9,1.66089119402302
22.12819006061,0,0.34,0,0,0,0,0,0,0.69,0,0,0,0.34,0,1.39,2.09,0,1.04,0,0,0,0,1.31587189682334
18.9918062521293,0,0.24,0,0,0,0,0,0,0.72,0,0,0,0.48,0.48,0,1.44,0.24,0.48,0,0,0,1.92,1.92029925783329
9.1737891842037,0,0,0,0,0,0,0,0,0,0,0,0,0,0,0,2.66,0,0,0,0,0,0,0.565881829514069
2.42900902421944,0,0,0,0,0,0,0,0,1.78,0,0,0,0,0,0,0,0,0,0,0,0,0,0.646579544743611
7.52167067385867,0,0,0,0,0,0,0,0,0,0.31,0,0,0,0,0,1.24,0,0,0,0,0,0,0.342880232916543
4.21445995024753,0,0,0,0,0,0,0,0,0,0,0,0,0,0,0,0,0,0,0,0,0,0,0.22314355131421
23.7343373236568,1,1.52,0.33,0,0.08,0.67,0,0.25,0.67,0.16,0,1.69,0.08,0,1.1,1.86,0.16,0.42,0,1.1,0.08,0,2.42657107277504
12.7469858137147,0,1.25,0,0,1.25,0,0,0,0,0,0,0,1.25,0,0,0,0,0,0,0,0,0,1.24846804421249
26.230935732268,0,0,0,0,0,0,0,0,0.41,0,0,0,0.41,0,0.82,3.73,0,1.24,0,0,0.41,0,1.15246896145882
21.0516727508761,0,0.7,0,0,0.88,0,0.17,0,0.52,0.17,0,0,0,0,0,2.46,0,1.93,0,0,0,0.52,0.386622020306684
11.0735567967456,0,0,0,0,0,0,0,0,0,0,0,0,0,0,0,0,0,0,0,0,0,2.4,0.772882148578799
6.6715207826615,0,0,0,0,0,0,0,0,0,0,0,0,0,0,0,0.81,0,0,0,0,0,0,0.492254238180555
9.77252472650024,0,0,0,0,0,0,0,0,0,1.08,0,0,0,0,0,2.17,0,0,0,0,0,0,1.21994457383563
15.3346140164825,0,0.08,0.16,0.08,0.08,0,0,0.08,0.24,0.32,0,0,0.08,0,0.32,1.87,0,0.57,0,0.16,0.24,0,2.7438676939676
10.4719550449789,0,0.23,0.23,0,0,0,0,0,0,0,0,0,0.23,0,0,1.63,0,0.23,0,0,0,0,0.227932068046007
22.0816463264344,0,0,0,0,0,0,0,0,0.99,0,0,0,0,0,0,5.94,0,0,0,0,0,0,0
39.2028411332567,0,0.19,0.19,0.19,0,0.95,0.38,0.19,0.57,0,0,2.86,0.19,0,3.43,1.71,0,2.09,0,3.62,0,0,2.41965676457988
23.1497163228831,0,0,0,0,0,0,0,0,0,0,0,0,0,0,0,3.61,0,2.4,0,0,0,0,0.182321556793955
3.52828737571314,0,0,0,0,0,0,0,0,0,0,0,0,0,0,0,0,0,0,0,0,0,0,0.587786664902119
2.13189250651496,0,0,0,0,0,0,0,0,0,0,0,0,0,0,0,0,0,0,0,0,0,0,0
12.0243943769919,1,0,0,0,0.46,0.69,0,0,0.23,0,0,0,0,0.07,0.07,0.3,0,0.23,0,0,0,0.69,1.10094290400639
1.09135744487091,0,0,0,0,0,0,0,0,0,0,0,0,0,0,0,0,0,0,0,0,0,0,0
30.7572330582319,0,0,0,1.63,0,0,1.63,1.63,0,0,0,0,0.81,0,0,4.09,0,0,0,0,0,0,2.76732489256468
11.710254132014,1,0,0,0,0,0,0,0,1.25,0,0,0,0,0,0,1.25,0,0,0,0,0,0,1.19392246847243
5.72685883639185,0,0.04,0.04,0,0.09,0,0.19,0.09,1.03,0,0,0,0,0,0.24,0.09,0,0.04,0,0,0,0.04,0.976444654693902
3.10841723215179,0,0,0,0,0,0,0,0,0,0,0,0,0,0,0,0,0,0,0,0,0,0,0.587786664902119
20.8258834346496,0,0,0,0,0,0,0.8,0,0,0,0,0,1.61,0,0,0.8,0,0.8,0,0,0,0.8,0.877549903557724
27.547903680009,0,0.05,0.13,0.05,0.26,0.42,0.76,0.26,0.97,0.57,1.23,0,0.1,0.47,0,3.23,0,1.49,0,0.99,0.34,0,1.77968688799379
49.6555882232608,0,0,0,0,0,0,0,0,0,0,0,0,6.52,0,0,2.17,0,2.17,0,0,0,0,2.2082744135228
17.8044695975538,0,0,0,0,0,0,0,0,0,0,0,0,0,0,0,5,0,0,0,0,0,0,0
29.9889025683206,0,1.44,0,0.48,0,0,0,0,0.96,0,0,0,0.48,0.96,0,2.41,0,2.41,0,0.48,0,0,1.63510565918268
38.1649769282572,0,1.79,0.44,0,0,0,0,0,0.44,0,0,0,1.34,0,0,2.24,0,4.48,0,0,0,0,0.677017798630062
12.9117288054045,1,0,0,0,0,0.11,0.23,0,0.11,0,0,0,0.11,0,0,0.95,0,0.47,0,0,0,0.23,0.934523500135215
31.0616935705569,1,0.33,0,0.33,0.33,0,0,0,0.33,0,0,0,1.65,0,1.65,2.64,0,0.66,0,0,0,0,0.923067716153179
17.9950290156951,0,0,0,0,0,0,0,0,1.03,0,0,0,0,0,0,4.12,0,1.03,0,0,0,0,0
6.77857601101916,0,0.34,0,0,0,0,0,0,0.34,0.34,0,0,0,0,0,0.34,0,0.34,0,0,0,0.34,0.854415328156068
2.86712272223451,0,0,0,0,0,0,0,0,0,0,0,0,0,0,0,0,0,0,0,0,0,0,0.786182046527135
12.3635214698988,0,0,0,0,0,0,0,0,0,0,0,0,0,0,0,1.9,0,0.95,0,0,0,0,0.756121979721334
5.13714982561212,0,0,0,0,0,0,0,0,0,0,0,0,0,0,0,0,0,0,0,0,0,0,0.810930216216329
37.4218860928476,1,1.91,0,0.31,0.31,0,0.31,0.63,1.59,0.63,0,0.63,0,0.63,2.23,3.19,0,1.59,0,0.31,0,0,0.765467842139571
14.6102162913189,0,0.11,0,0,0.11,0,0,0,0,0.11,0.23,0,0,0.11,0,0,0,0,0,0.11,0,3.45,0.854840769557932
5.81998561303453,0,0,0,0,0,0,0.27,0,0.27,0,0,0,0.27,0,0,1.09,1.36,0.27,10.38,0,0,0,0.855691109745226
22.3061866953144,0,0.54,0.27,0.27,1.08,0,0.81,0,0,0,0,0,0,0,0,2.45,0,1.36,0,0,0.27,0,0.751887675582545
25.9110371105327,0,0,0,0,0,0,0,0,2.46,0,0,0,0,0,2.46,1.23,0,1.23,0,0,0,2.46,0.551583616238158
3.5323363882935,0,0.21,0,0,0,0,0,0,0.84,0,0,0,0.21,0,0,0,0,0,0,0,0,0,1.03211629737975
4.86911301153904,0,0,0,0,3.19,0,0,0,0,0,0,0,0,0,0,0,0,0,0,0,0,0,1.3246848794882
14.289344457845,0,1.79,0.35,0,0,0,0.35,0,0,0.35,0,0,0,0,0,0.71,0,1.07,0,0,0,0.35,0.68006194101129
20.3844025774022,0,0.16,0,0.16,0,0.65,0.16,0.16,0,0,0,0,1.64,0,0.65,0.82,0,0,0,0,0,0,1.66562919208384
9.80241404324115,0,1.21,0,0,0,0,0,0,2.43,0,0,0,0,0,0,0,0,1.21,0,0,0,0,0.287432041196572
7.21255306555216,0,0,0,0,0,0,0.5,0,0,0,0,0,0,0,0,0,0,0,0,0,0,0,1.40315147818631
15.4522407584094,0,0,0,0,0,0,0,0,0.42,0,0,0,0,0,0,1.28,0,1.28,0,0,0,0.85,0.745739630679116
47.7394480168518,0,0,0,0,0,0,2.17,0,0,0,0,0,0,0,0,0,0,0,0,0,0,13.04,0.761739972025557
4.04701607627084,0,0,0,0,0,0,0,0,0,0,0,0,0,0,0,0,0,0,0,0,0,0,0
29.2954461280355,0,0,0,3.27,0,0,0,0,0,0,0,0,1.63,1.63,0,0,0,1.63,0,0,0,0,2.69584265799446
31.3937198749055,1,0.6,0.2,0.4,0.1,1.41,0.8,0.1,0.5,0,0,0,0.1,0,1.11,2.22,0.4,1.92,0,0,0.3,0,1.15467751260106
16.6818198165133,1,0,0,0,0,0,0,0,1.29,0.32,0,0,0,0,0,2.92,0,0.32,0,0,0,0,0.605953968857568
15.5511784785457,0,0,0,0,0,0,0,0,0,0,0,0,0,0,0,3.09,0,0,0,0,0,1.03,0
6.26314921443328,0,0.71,0,0,0,0,0,0,0.35,0,0,0,0,0,0,0.35,0,0.17,0,0,0,0.53,0.80692219481879
47.7494294605976,1,0.37,0,0,0.37,0.37,1.89,0.37,2.65,0,0.37,0,0.37,0,0,2.27,0,4.54,0,0.37,0,0,4.13516655674236
47.3423889627286,1,0.68,0,2.73,0,0,0.68,0,2.05,0,0,0,0,0,0.68,4.1,0,2.73,0,0,0.68,0,0.905027539595444
4.67516190885186,0,0,0,0,2.63,0,0,0,0,0,0,0,0,0,0,0.37,0,0,0,0,0,0,0.704581558185609
17.005096067451,0,0,0,0,0,0,0,0,0,0,10,0,0,0,0,0,0,0,0,0,0,0,1.55814461804655
3.28131677569053,0,0,0,0,0,0,0,0,0,0,0,0,0,0,0,0,0,0,0,0,0,0,0
13.8865533684103,0,1.03,0,0,0,0,0,0,0,0,0,0,0,0,0,1.03,0,1.03,0,0,0,0,0.822858787081603
18.6103986904048,0,0.22,0.22,0,0,0.66,0.44,0.22,0.88,0,0,0,0.22,0,0,1.32,0,1.1,0.22,0.22,0.22,0,2.00148000021012
16.1565443067091,0,0,0,0,0,0,0.86,0,1.72,0.86,0,0,0,0,0,2.58,0,0.86,0,0,0,0,1.37523341376047
4.53200158022137,0,0,0,0,0,0,0,0,0,0,0,0,0,0,0,0,0,0,0,0,0,0,0.864997437486605
6.17523505381333,0,0,0,0,0,0,0.45,0,0,0,0,0,0,0,0,0,0,0,0,0,0,0,1.49537295614613
15.1125351977482,0,0,0,0,0,0,0,0,0,0,0,0,0,0,0,0,0,0,0,0,0,4,0.564176799262985
7.0339319120034,0,0.27,0,0,0,0,0.83,0,0,0,0,0,0,0,0,0.27,0,0.27,8.58,0,0,0,1.98965358628881
19.5633053467049,0,0,0,0,0,0,0,0,0,0,0,0,0,0,0,5.26,0,0,0,0,0,0,0.22314355131421
34.0389621562051,0,1.47,0,0,0,0,0,0,0,0,0,0,0,0,0,2.94,0,0,0,0,0,5.88,1.11087018606361
6.35436753280716,0,0,0,0,0,0,0.7,0,0,0,0,0,0,0,0,0,0,0,0,0,0,0,1.39698699065863
8.41122978491283,0,0,0,0,0,0,0.29,0,0.59,0,0,0,0,0,0,0,0,0,0,0,0,1.18,1.19906075996492
11.3037974692726,0,0,0,0,0,0,0,0,0,0,1.75,0,0,0,0,1.75,0,0,0,0,0,0,0.250758718347183
42.5791512360158,1,0,0,0,0,0,1.6,0,0,0,0,0,2.4,0,0,5.6,0,1.6,0,0,0,0,0.322083499169113
5.42159185669248,0,0,0,0,0,0,0,0,0,0,0,0,0,0,0,0,0,0,0,0,0,0,0.587786664902119
4.20475895147103,0,0,0,0,0,0,0,0,0,0,0,0,0,0,0,0,0,0,0,0,0,0,0.705569700558502
9.97731212390564,0,0.3,0,0,0,0.51,0,0,0.15,0,0,0,0,0,0.05,0.2,0,0.15,0,0,0,0.67,1.32548222172313
12.635365909784,1,2.06,0,0,0,0,0,0,0,0,0,0,0,0,0,1.03,0,0,0,0,0,0,0.424613926946925
17.9730560779962,0,0.83,0,0.16,0,0.16,0,0,0.66,0,0.66,0,0,0.16,0,0,0,0.16,0,0,0,3,0.957048724346323
38.1740716681868,0,0,0,0,0,0,0,0,0,0,0,0,0,0,0,0,0,0,0,0,9.09,0,1.09861228866811
8.27143305343646,0,0,0,0,0,0,0,0,0,0,0,0,0,0,0,0,0,0,0,0,0,1.73,0.68208623320052
21.6571996275868,1,0,0.33,0,0,0,0,0,1.01,0.67,0,0,0,0.67,0,3.05,0,2.03,0,0,0,0,0.519983561550756
17.2648106418849,0,1.17,0,0,0,0,1.17,0,0,0,0,0,0,0,0,2.35,0,0,0,0,0,0,0.438899884194402
4.12639419894255,0,0,0,0,0,0,0,0,0,0.91,0,0,0,0,0,0.91,0,0,0,0,0,0,1.0591782194227
3.89534253450526,0,0,0.23,0,0,0,0,0,0,0,0,0,0,0,0,0.23,0,0,0,0,0,0,0.0629747991613884
15.8067909996936,0,0.87,0.87,0,0,0,0.43,0,2.18,0,0,0,0,1.74,0,0.87,0,0.87,0,0,0.43,0,1.63198187686899
35.1716648285147,0,0,0,0,0,0,0,0,1.31,0,0,0,0,0,0,1.31,0,5.26,0,0,1.31,0,1.57235890419268
9.4240373261848,0,1.23,0,0,0,0,0,0,0,0,0,0,0,0,0,1.23,0,0,0,0,0,0,0.0563803334361077
34.7009452206402,1,0,0,0,0,0,0,0,0,0,0,0,0,0,0,3.48,0,2.32,0,0,2.32,0,2.1671089534316
6.2549810267594,0,0.68,0,0,0,0,0,0,0,0,0,0,0,0,0,0,0,0,0,0,0,0,0.578858034157818
8.31468059197189,1,0,0,0,0,0,0,0,1.56,0,0,0,0,0,0,0,0,0,0,0,0,0,0.510425543744651
28.3633934392318,0,1.09,0.18,0.54,0,0.54,0.54,0,0.18,0,0,0.18,0.36,0.18,0.54,1.82,0,2,0,0,0.18,0,1.36634672331019
11.8452287779808,0,0.34,0.22,0,0,1.02,0,0,0.45,0.11,0,0,0,0,0,0.45,0,0.22,0,0,0,0.68,1.03992329231943
2.89834954829785,0,0,0,0,0,0,0,0,0,0,0,0,0,0,0,0,0,0,0,0,0,0,0
18.3118003321307,1,0,0,0,0,0,0,0,0,0,0,0,0,0,0,0.47,0.47,1.91,0,0,0.47,0,1.43031124653666
33.072198740706,1,1.65,0.33,0.66,0,0,0.16,0.16,0.99,0,0,0,0.82,0.33,0.16,2.81,0,0.99,0,0.49,0.33,0,1.83561685229183
4.24480271884587,0,0,0,0,0,0,0,0,0,0,0,0,0,0,0,0,0,0,0,0,0,0,1.33815398579196
18.7621183257578,1,0,0,0,0,0,0,0,1.75,0,0,0,0,0,0,3.5,0,0,0,0,0,0,0.519388854426479
